{"type": "UnivariateSpline", "knots": [23.025850929940457, 24.646870835408265, 26.217233868830203, 27.787596902252144, 29.35795993567408, 30.168469888407987, 30.97897984114189, 32.54934287456383, 34.11970590798577, 35.69006894140771, 42.02217794714134, 45.21356088603108, 48.35428695287496], "coefficients": [-63.820307379688884, -63.1878160487632, -62.048649873405836, -60.47893451294372, -58.966512280030955, -57.79755731577512, -56.988700003431504, -56.279334417159035, -55.55801965305806, -54.8125666692692, -53.41128299267892, -52.03051161468483, -50.68307802294999, -50.076177764532964, -49.819103379812724], "degree": 3}