{"type": "UnivariateSpline", "knots": [23.025850929940457, 24.646870835408265, 26.217233868830203, 27.787596902252144, 29.35795993567408, 30.97897984114189, 32.54934287456383, 34.11970590798577, 35.69006894140771, 42.02217794714134, 45.21356088603108, 48.35428695287496], "coefficients": [-65.25285578714816, -64.61080240423946, -63.45871041383651, -61.87173656963821, -60.33907073829035, -58.87536218311245, -57.64718409581379, -56.68458309707801, -55.86780587895742, -54.37478077576656, -52.9599638391327, -51.582209981475025, -50.96275019794509, -50.69311957388195], "degree": 3}