{"type": "UnivariateSpline", "knots": [23.025850929940457, 24.646870835408265, 26.217233868830203, 27.787596902252144, 29.35795993567408, 30.97897984114189, 32.54934287456383, 34.11970590798577, 35.69006894140771, 38.881451880297455, 42.02217794714134, 45.21356088603108, 48.35428695287496], "coefficients": [-65.38994134607172, -64.73808378885809, -63.57377410364217, -61.97780748390305, -60.43756088651297, -58.962217579621154, -57.71176245774836, -56.72314233387518, -55.88904929573141, -54.87678521258081, -53.77125319757135, -52.61329467601762, -51.58355771994445, -50.96291943914643, -50.693774787467916], "degree": 3}