{"type": "UnivariateSpline", "knots": [23.025850929940457, 24.646870835408265, 26.217233868830203, 27.787596902252144, 29.35795993567408, 30.97897984114189, 32.54934287456383, 35.69006894140771, 42.02217794714134, 45.21356088603108, 48.35428695287496], "coefficients": [-64.66806418324042, -63.974426327767766, -62.77545193226702, -61.14388893152203, -59.5833283799484, -58.09445443009822, -56.8296706866409, -55.483867739028845, -53.62728767686834, -52.04331339223297, -50.683647928294086, -50.07959585243406, -49.82011312587891], "degree": 3}