{"type": "UnivariateSpline", "knots": [23.025850929940457, 24.646870835408265, 26.217233868830203, 27.787596902252144, 29.35795993567408, 30.97897984114189, 32.54934287456383, 35.69006894140771, 38.881451880297455, 42.02217794714134, 45.21356088603108, 48.35428695287496], "coefficients": [-65.53736401809391, -64.72615465151009, -63.37810478015903, -61.65667923001598, -60.03024321116119, -58.46080878667548, -57.0629022863976, -55.54493241664726, -54.156034674357585, -52.83768235963346, -51.69821738885872, -50.68499250749592, -50.07812399833312, -49.82019049250603], "degree": 3}