{"type": "UnivariateSpline", "knots": [23.025850929940457, 24.646870835408265, 26.217233868830203, 27.787596902252144, 29.35795993567408, 30.97897984114189, 32.54934287456383, 35.69006894140771, 38.881451880297455, 42.02217794714134, 45.21356088603108, 48.35428695287496], "coefficients": [-66.12336168001815, -65.37392826068984, -64.10312725823776, -62.44187184500603, -60.857475321795164, -59.31812017798076, -57.942205785132586, -56.45903644520665, -55.095432806431376, -53.76854110248266, -52.61225330510971, -51.58272974086773, -50.96240485983507, -50.69326731387592], "degree": 3}