{"type": "UnivariateSpline", "knots": [23.025850929940457, 24.646870835408265, 26.217233868830203, 27.787596902252144, 29.35795993567408, 30.97897984114189, 32.54934287456383, 35.69006894140771, 38.881451880297455, 42.02217794714134, 45.21356088603108, 48.35428695287496], "coefficients": [-66.10301563608438, -65.36827500164198, -64.10649675260554, -62.44706796669593, -60.863444162426006, -59.3273564846302, -57.95917897418425, -56.476864749572805, -55.10315920613222, -53.77138927747541, -52.61346964306971, -51.5834525536479, -50.96296962552527, -50.69376285406671], "degree": 3}