{"type": "UnivariateSpline", "knots": [23.025850929940457, 24.646870835408265, 26.217233868830203, 27.787596902252144, 29.35795993567408, 30.97897984114189, 32.54934287456383, 35.69006894140771, 38.881451880297455, 42.02217794714134, 45.21356088603108, 48.35428695287496], "coefficients": [-64.84401622435009, -64.08283121712346, -62.81735816129155, -61.167556318120894, -59.59758987897361, -58.086691905271614, -56.76656502282942, -55.375984525641904, -54.09635268063609, -52.81843978507794, -51.692349226161134, -50.68277001935009, -50.07694845196088, -49.819333855368974], "degree": 3}