{"type": "UnivariateSpline", "knots": [23.025850929940457, 24.65011937229297, 25.462253593469228, 26.22362942582197, 27.035763646998223, 27.797139479350964, 29.370649532879963, 30.182783754056217, 30.994917975232475, 31.807052196408733, 32.568428028761474, 33.38056224993773, 34.141938082290466, 35.715448135819464, 37.33971657817198, 38.15185079934824, 38.91322663170098, 40.48673668522998, 42.06024673875897, 45.20726684581697, 46.780776899345966, 48.35428695287496], "coefficients": [-63.68890518622535, -63.18301145875416, -62.42804776914461, -61.42224184372052, -60.66408623149912, -59.9186549921249, -58.92474495480945, -57.98169077784761, -57.138628032675946, -56.56305658100903, -56.061333178421926, -55.606517972486, -55.19448421563765, -54.669266486993145, -54.05458521933059, -53.48348733125811, -53.05809006494784, -52.65876483119696, -52.201240907625504, -51.55325611029964, -51.03270560749823, -50.580889490614275, -50.37768526799984, -50.28075588921941], "degree": 3}