{"type": "UnivariateSpline", "knots": [23.025850929940457, 24.65011937229297, 25.462253593469228, 26.22362942582197, 27.035763646998223, 27.797139479350964, 29.370649532879963, 30.182783754056217, 30.994917975232475, 31.807052196408733, 32.568428028761474, 33.38056224993773, 34.141938082290466, 35.715448135819464, 37.33971657817198, 38.91322663170098, 40.48673668522998, 42.06024673875897, 45.20726684581697, 46.780776899345966, 48.35428695287496], "coefficients": [-64.84949972208814, -64.34279427844261, -63.586492951638185, -62.57883267686002, -61.81852766913381, -61.06942304300365, -60.06684329941424, -59.10478356892923, -58.23084488533013, -57.62896731466506, -57.102871437785964, -56.62819139467855, -56.20061192416607, -55.657937746372504, -55.024906729292894, -54.326907319735774, -53.687771267996226, -53.117566869310195, -52.44715741267062, -51.909756400563204, -51.455302178932136, -51.248824422163665, -51.15028866777161], "degree": 3}