{"type": "UnivariateSpline", "knots": [0.0, 2.0, 3.0, 4.0, 4.526313425758425, 5.0, 6.0, 8.0, 10.0, 11.0, 12.0, 14.0, 16.0], "coefficients": [-38.039509301188076, -37.52337747661236, -36.84356520552537, -35.90426237894059, -34.802925518357995, -34.18933163738348, -33.69947528500811, -33.165025462975706, -32.54838572804847, -31.988838967969762, -31.60362785742187, -31.282027758243657, -31.022913345979536, -30.8434265877214, -30.718266079924426, -30.657995253516447], "degree": 4}