{"type": "UnivariateSpline", "knots": [0.0, 0.945945945946, 1.41141141141, 1.87687687688, 2.35735735736, 2.82282282282, 3.28828828829, 3.75375375375, 4.23423423423, 4.6996996997, 5.16516516517, 5.63063063063, 6.57657657658, 7.50750750751, 8.45345345345, 9.38438438438, 10.3303303303, 10.7957957958, 11.2612612613, 13.1381381381, 15.0], "coefficients": [-38.03931694962573, -37.714736882842054, -37.26808774833486, -36.68592044721601, -36.2453267997602, -35.79795477499847, -35.34661226757359, -34.90969577910866, -34.49752553133021, -34.131463440460976, -33.818402131714755, -33.54986077004877, -33.22407603111284, -32.8580626873786, -32.46491524142044, -32.12099301734434, -31.83034771048153, -31.631639209778463, -31.488781733334214, -31.288789430606588, -31.04158520597218, -30.864019671361536, -30.78304112110231], "degree": 3}