{"type": "UnivariateSpline", "knots": [0.0, 2.0, 3.0, 4.0, 4.526313425758425, 5.0, 6.0, 8.0, 10.0, 12.0, 14.0, 15.0, 16.0], "coefficients": [-38.54438846161544, -38.02878565614205, -37.34644621397368, -36.40790313952752, -35.29919746965323, -34.6633980688429, -34.1482755807541, -33.5934022401332, -32.96124051561495, -32.288608997203, -31.800970846829397, -31.47628737739994, -31.252610245828212, -31.11819075344255, -31.0580935834419, -31.028559224180853], "degree": 4}