{"type": "UnivariateSpline", "knots": [0.0, 0.945945945946, 1.41141141141, 1.87687687688, 2.35735735736, 2.82282282282, 3.28828828829, 3.75375375375, 4.23423423423, 4.6996996997, 5.16516516517, 5.63063063063, 6.57657657658, 7.50750750751, 8.45345345345, 9.38438438438, 10.3303303303, 11.2612612613, 13.1381381381, 15.0], "coefficients": [-38.54420779420801, -38.219901299821146, -37.772488726369765, -37.189302884337714, -36.74796594678188, -36.299549682858846, -35.84603679481487, -35.404157749578566, -34.982324726292546, -34.60205180145116, -34.273550633736775, -33.9930046530319, -33.65547835132419, -33.278706643869114, -32.87479137153715, -32.52042428447928, -32.219616291771274, -31.973751510163595, -31.69581321979705, -31.414638321955934, -31.236259911716086, -31.152993316406345], "degree": 3}