{"type": "UnivariateSpline", "knots": [2.302585092994046, 2.6863492751597198, 2.9421920632701695, 3.198034851380619, 3.4538776394910684, 3.7097204276015177, 3.9655632157119673, 4.221406003822417, 4.477248791932867, 4.733091580043316, 4.988934368153766, 5.244777156264215, 5.500619944374664, 5.756462732485114, 6.012305520595564, 6.268148308706013, 6.523991096816463, 6.779833884926912, 7.035676673037361, 7.291519461147812, 7.54736224925826, 7.803205037368709, 8.05904782547916, 8.31489061358961, 8.570733401700059, 8.826576189810508, 9.082418977920959, 9.338261766031408, 9.594104554141856, 9.849947342252307, 10.105790130362756, 10.361632918473205, 10.617475706583654, 10.873318494694104, 11.129161282804553, 11.385004070915004, 11.640846859025451, 11.8966896471359, 12.152532435246352, 12.408375223356803, 12.664218011467252, 12.9200607995777, 13.17590358768815, 13.4317463757986, 13.687589163909049, 13.943431952019498, 14.199274740129948, 14.455117528240397, 14.710960316350846, 14.966803104461295, 15.222645892571744, 15.478488680682194, 15.734331468792645, 15.990174256903096, 16.246017045013545, 16.501859833123994, 16.757702621234444, 17.013545409344893, 17.269388197455342, 17.52523098556579, 17.78107377367624, 18.03691656178669, 18.29275934989714, 18.54860213800759, 18.804444926118038, 19.060287714228487, 19.316130502338936, 19.571973290449385, 19.827816078559838, 20.08365886667029, 20.33950165478074, 20.595344442891186, 20.851187231001635, 21.107030019112084, 21.362872807222534, 21.618715595332986, 21.874558383443436, 22.13040117155388, 22.38624395966433, 22.642086747774783, 22.897929535885233, 23.153772323995682, 23.40961511210613, 23.66545790021658, 23.92130068832703, 24.17714347643748, 24.432986264547928, 24.688829052658377, 24.944671840768827, 25.200514628879276, 25.456357416989725, 25.712200205100174, 25.968042993210624, 26.223885781321073, 26.479728569431526, 26.735571357541975, 26.99141414565242, 27.24725693376287, 27.631021115928547], "coefficients": [-63.82485873582639, -63.59592420703314, -63.23393791744947, -62.95245236432981, -62.677267885225596, -62.4072341619725, -62.14143578518966, -61.879163754165994, -61.61973038083933, -61.362742331222414, -61.10794946059731, -60.85492414986458, -60.603653363280884, -60.35390282166937, -60.10570880996639, -59.85916762846859, -59.61458455248487, -59.37193712264931, -59.131770630941574, -58.89433875927292, -58.66077974173588, -58.43070172660105, -58.20556546436636, -57.985648655026615, -57.77175028041, -57.564297323878925, -57.36391729734396, -57.1707127211058, -56.98527719476297, -56.806973887875266, -56.63610671407514, -56.47215381532413, -56.31478482062837, -56.16338008243749, -56.017393186919975, -55.87620071036648, -55.73937752499156, -55.606228454098655, -55.476501861622765, -55.349347109613525, -55.22467850665548, -55.102221628364724, -54.98161231729056, -54.86279358514159, -54.745466196119324, -54.62951777756084, -54.51483913319351, -54.401487610620144, -54.28910244840702, -54.17814637026242, -54.06819337683661, -53.95945608734403, -53.85183839177785, -53.74522765447493, -53.6397277528948, -53.535403062684196, -53.43213491478265, -53.3297777341533, -53.22862070288239, -53.12830301352515, -53.029062283570134, -52.93094239058433, -52.83365952206662, -52.737489627750726, -52.642183829579594, -52.54788721549269, -52.45430749624004, -52.36181539192032, -52.27004084540773, -52.17923468965695, -52.08935717697037, -52.00004203851921, -51.91173994532634, -51.82421251736328, -51.737408692856896, -51.65150414588194, -51.566011364773686, -51.481322795321624, -51.397321229945504, -51.31409299689792, -51.231409266353026, -51.14955442945449, -51.068311750423135, -50.98808895687464, -50.908327592501784, -50.829135983625264, -50.750864577109034, -50.67297635850442, -50.59582872484653, -50.51964608207952, -50.44443730374885, -50.36988602944745, -50.29685033495044, -50.22396089619269, -50.15339647261513, -50.083221212961156, -50.01477054045994, -49.94784208699061, -49.86630065956343, -49.81924880480003], "degree": 2}