{"type": "UnivariateSpline", "knots": [2.302585092994046, 2.6863492751597198, 2.9421920632701695, 3.198034851380619, 3.4538776394910684, 3.7097204276015177, 3.9655632157119673, 4.221406003822417, 4.477248791932867, 4.733091580043316, 4.988934368153766, 5.244777156264215, 5.500619944374664, 5.756462732485114, 6.012305520595564, 6.268148308706013, 6.523991096816463, 6.779833884926912, 7.035676673037361, 7.291519461147812, 7.54736224925826, 7.803205037368709, 8.05904782547916, 8.31489061358961, 8.570733401700059, 8.826576189810508, 9.082418977920959, 9.338261766031408, 9.594104554141856, 9.849947342252307, 10.105790130362756, 10.361632918473205, 10.617475706583654, 10.873318494694104, 11.129161282804553, 11.385004070915004, 11.640846859025451, 11.8966896471359, 12.152532435246352, 12.408375223356803, 12.664218011467252, 12.9200607995777, 13.17590358768815, 13.4317463757986, 13.687589163909049, 13.943431952019498, 14.199274740129948, 14.455117528240397, 14.710960316350846, 14.966803104461295, 15.222645892571744, 15.478488680682194, 15.734331468792645, 15.990174256903096, 16.246017045013545, 16.501859833123994, 16.757702621234444, 17.013545409344893, 17.269388197455342, 17.52523098556579, 17.78107377367624, 18.03691656178669, 18.29275934989714, 18.54860213800759, 18.804444926118038, 19.060287714228487, 19.316130502338936, 19.571973290449385, 19.827816078559838, 20.08365886667029, 20.33950165478074, 20.595344442891186, 20.851187231001635, 21.107030019112084, 21.362872807222534, 21.618715595332986, 21.874558383443436, 22.13040117155388, 22.38624395966433, 22.642086747774783, 22.897929535885233, 23.153772323995682, 23.40961511210613, 23.66545790021658, 23.92130068832703, 24.17714347643748, 24.432986264547928, 24.688829052658377, 24.944671840768827, 25.200514628879276, 25.456357416989725, 25.712200205100174, 25.968042993210624, 26.223885781321073, 26.479728569431526, 26.735571357541975, 26.99141414565242, 27.24725693376287, 27.631021115928547], "coefficients": [-65.25654659493813, -65.02477995225172, -64.65842539522241, -64.37341655137942, -64.09492555813445, -63.8217321845747, -63.55281986023146, -63.28739312861078, -63.0251489192407, -62.765208682843245, -62.50733663511274, -62.25157903951146, -61.99732165334431, -61.744575659831014, -61.49287764032731, -61.24284905304982, -60.994208506362675, -60.74714646791243, -60.50186582532671, -60.25888220816925, -60.01861486957998, -59.78125434141717, -59.54769597900201, -59.31818454782111, -59.09351194984885, -58.874351273903024, -58.660931367735785, -58.45406307862698, -58.25390811606871, -58.060521358373684, -57.87411249967726, -57.6944843476382, -57.52137094365276, -57.354467508119946, -57.193173108704954, -57.037253896379255, -56.88602684166898, -56.73917741162957, -56.59623683439761, -56.45648878354845, -56.319923424302246, -56.186155184030326, -56.05497199885182, -55.926023049279934, -55.79928438804837, -55.67445093362046, -55.551382823862966, -55.43018298793177, -55.31050999538304, -55.19260254081466, -55.076158898773905, -54.961364941555885, -54.84786618867207, -54.735839299815616, -54.6253658299708, -54.51619522436416, -54.40831049773788, -54.30176032088542, -54.19639132433095, -54.092299949914846, -53.98952514903537, -53.88780468220561, -53.787335884604474, -53.687836511370094, -53.589603970204706, -53.49230108822079, -53.39600422637558, -53.30086476676073, -53.20648981463684, -53.113138988346556, -53.02078812907696, -52.92934862414777, -52.83877121152665, -52.74903464488221, -52.660159591519, -52.57200815928136, -52.48471858062162, -52.39817395107063, -52.312289913683564, -52.22724016506696, -52.14277082279419, -52.05916768538409, -51.97622973077404, -51.8942415615077, -51.8129021153047, -51.73229101562928, -51.65184700041944, -51.572530293122625, -51.493762812201105, -51.41577042602303, -51.338488892511045, -51.26257472347869, -51.1873270837569, -51.112812237332115, -51.03964102639264, -50.96758112306404, -50.896792391726315, -50.82751466511208, -50.742703765587976, -50.69359952874261], "degree": 2}