{"type": "UnivariateSpline", "knots": [2.302585092994046, 2.6863492751597198, 2.9421920632701695, 3.198034851380619, 3.4538776394910684, 3.7097204276015177, 3.9655632157119673, 4.221406003822417, 4.477248791932867, 4.733091580043316, 4.988934368153766, 5.244777156264215, 5.500619944374664, 5.756462732485114, 6.012305520595564, 6.268148308706013, 6.523991096816463, 6.779833884926912, 7.035676673037361, 7.291519461147812, 7.54736224925826, 7.803205037368709, 8.05904782547916, 8.31489061358961, 8.570733401700059, 8.826576189810508, 9.082418977920959, 9.338261766031408, 9.594104554141856, 9.849947342252307, 10.105790130362756, 10.361632918473205, 10.617475706583654, 10.873318494694104, 11.129161282804553, 11.385004070915004, 11.640846859025451, 11.8966896471359, 12.152532435246352, 12.408375223356803, 12.664218011467252, 12.9200607995777, 13.17590358768815, 13.4317463757986, 13.687589163909049, 13.943431952019498, 14.199274740129948, 14.455117528240397, 14.710960316350846, 14.966803104461295, 15.222645892571744, 15.478488680682194, 15.734331468792645, 15.990174256903096, 16.246017045013545, 16.501859833123994, 16.757702621234444, 17.013545409344893, 17.269388197455342, 17.52523098556579, 17.78107377367624, 18.03691656178669, 18.29275934989714, 18.54860213800759, 18.804444926118038, 19.060287714228487, 19.316130502338936, 19.571973290449385, 19.827816078559838, 20.08365886667029, 20.33950165478074, 20.595344442891186, 20.851187231001635, 21.107030019112084, 21.362872807222534, 21.618715595332986, 21.874558383443436, 22.13040117155388, 22.38624395966433, 22.642086747774783, 22.897929535885233, 23.153772323995682, 23.40961511210613, 23.66545790021658, 23.92130068832703, 24.17714347643748, 24.432986264547928, 24.688829052658377, 24.944671840768827, 25.200514628879276, 25.456357416989725, 25.712200205100174, 25.968042993210624, 26.223885781321073, 26.479728569431526, 26.735571357541975, 26.99141414565242, 27.24725693376287, 27.631021115928547], "coefficients": [-65.39383267214589, -65.15842771990181, -64.78707407427456, -64.49861132291686, -64.21711740688228, -63.94128517095785, -63.67004097499944, -63.40245632664379, -63.13836111263148, -62.87668632641666, -62.61718926085879, -62.359926650477085, -62.10424568935281, -61.850146718494756, -61.597086275140136, -61.345793076231345, -61.095773147074375, -60.84736877020577, -60.600725103523025, -60.356114517361256, -60.11418681970253, -59.87491298339563, -59.63947437534693, -59.407795678791075, -59.18076440797753, -58.958952229189364, -58.742628845335055, -58.5326994285482, -58.329087757308905, -58.13212934784316, -57.94202963040133, -57.75846868232565, -57.58137592581157, -57.410570906683404, -57.24524808916141, -57.08548469522729, -56.930448167788974, -56.7801395235853, -56.63351086919166, -56.49053898968349, -56.350890884000115, -56.214244351234974, -56.08043221090143, -55.94904318371134, -55.82007106214596, -55.69321155086815, -55.568288016679475, -55.44542960875477, -55.32424979494691, -55.204978397711976, -55.087352221321076, -54.97146487890913, -54.85699178039022, -54.74410269381182, -54.63278547363894, -54.52297600111809, -54.41440235580742, -54.30735690728782, -54.201478089113316, -54.09693708298263, -53.99373543571208, -53.89173318716058, -53.790794350729115, -53.69109400881547, -53.592562837403385, -53.49503835446169, -53.39853003876156, -53.30321067847926, -53.20868316236719, -53.11515775754062, -53.022672900791356, -52.931117959215285, -52.84040350914615, -52.75064262985224, -52.661601275852306, -52.573372077136696, -52.48601636463739, -52.39937111009071, -52.31346730325999, -52.22832180431242, -52.14380305890271, -52.06014875955056, -51.97716584214488, -51.89513238155953, -51.81375813680333, -51.73310995753576, -51.65263086335763, -51.57328654217798, -51.4944875443789, -51.41646696091046, -51.339160084193374, -51.2632222496805, -51.18796361595806, -51.11342383183094, -51.04022303680334, -50.96813980298174, -50.897335151541085, -50.82807613141146, -50.74319322486968, -50.694100197650954], "degree": 2}