{"type": "UnivariateSpline", "knots": [2.302585092994046, 2.6863492751597198, 2.9421920632701695, 3.198034851380619, 3.4538776394910684, 3.7097204276015177, 3.9655632157119673, 4.221406003822417, 4.477248791932867, 4.733091580043316, 4.988934368153766, 5.244777156264215, 5.500619944374664, 5.756462732485114, 6.012305520595564, 6.268148308706013, 6.523991096816463, 6.779833884926912, 7.035676673037361, 7.291519461147812, 7.54736224925826, 7.803205037368709, 8.05904782547916, 8.31489061358961, 8.570733401700059, 8.826576189810508, 9.082418977920959, 9.338261766031408, 9.594104554141856, 9.849947342252307, 10.105790130362756, 10.361632918473205, 10.617475706583654, 10.873318494694104, 11.129161282804553, 11.385004070915004, 11.640846859025451, 11.8966896471359, 12.152532435246352, 12.408375223356803, 12.664218011467252, 12.9200607995777, 13.17590358768815, 13.4317463757986, 13.687589163909049, 13.943431952019498, 14.199274740129948, 14.455117528240397, 14.710960316350846, 14.966803104461295, 15.222645892571744, 15.478488680682194, 15.734331468792645, 15.990174256903096, 16.246017045013545, 16.501859833123994, 16.757702621234444, 17.013545409344893, 17.269388197455342, 17.52523098556579, 17.78107377367624, 18.03691656178669, 18.29275934989714, 18.54860213800759, 18.804444926118038, 19.060287714228487, 19.316130502338936, 19.571973290449385, 19.827816078559838, 20.08365886667029, 20.33950165478074, 20.595344442891186, 20.851187231001635, 21.107030019112084, 21.362872807222534, 21.618715595332986, 21.874558383443436, 22.13040117155388, 22.38624395966433, 22.642086747774783, 22.897929535885233, 23.153772323995682, 23.40961511210613, 23.66545790021658, 23.92130068832703, 24.17714347643748, 24.432986264547928, 24.688829052658377, 24.944671840768827, 25.200514628879276, 25.456357416989725, 25.712200205100174, 25.968042993210624, 26.223885781321073, 26.479728569431526, 26.735571357541975, 26.99141414565242, 27.24725693376287, 27.631021115928547], "coefficients": [-64.6700730820576, -64.4213171587098, -64.03243200125426, -63.732056547421074, -63.44022387320851, -63.15504887545719, -62.87601015079173, -62.60126187148869, -62.33043443936662, -62.062791798003055, -61.79798801765585, -61.535432193129296, -61.275059398240444, -61.016579644616314, -60.759613972405376, -60.50428513900005, -60.25068546475717, -59.99899107184987, -59.74921455844588, -59.50156631140795, -59.25706749940537, -59.015355174604, -58.777457068946894, -58.54368165807908, -58.314391257503374, -58.09063463357913, -57.872450160958216, -57.66013607612552, -57.45442055072222, -57.25504055379498, -57.06203977795922, -56.875460292233505, -56.69492095912847, -56.520531344884894, -56.35132876236635, -56.18751954105636, -56.028418405464166, -55.873822770382404, -55.723258389985986, -55.576464051522855, -55.4329732156253, -55.29287297931018, -55.15581559540216, -55.021480179751734, -54.889901901768326, -54.760833562312584, -54.6340276141352, -54.509621003383614, -54.38726466827704, -54.26691124313975, -54.148716602453796, -54.032405118986695, -53.91775202600704, -53.80508021321102, -53.69388939046579, -53.584441030404186, -53.47657943787185, -53.37012307263098, -53.26523908303101, -53.16156441506147, -53.05928673931427, -52.95843792659966, -52.85870617890374, -52.76030890556276, -52.66298322473279, -52.56686247692534, -52.47166067576777, -52.377680342477895, -52.28457235644176, -52.19252690433934, -52.10154088994655, -52.01135180384084, -51.922013805784864, -51.83368550219726, -51.746119146778625, -51.659581061622966, -51.573419849798036, -51.48816701477448, -51.403644756428875, -51.31994105577378, -51.23682521962373, -51.15457511736718, -51.07297450464498, -50.99241814517873, -50.91235043031403, -50.83289117976879, -50.75436940289003, -50.67624723386903, -50.59880125952271, -50.522657069242655, -50.447068491955676, -50.37241465180657, -50.29901192418091, -50.22724714838713, -50.15523668173411, -50.08510070671613, -50.01664193414859, -49.9495991202699, -49.86793464767165, -49.820820531866424], "degree": 2}