{"type": "UnivariateSpline", "knots": [2.302585092994046, 2.6863492751597198, 2.9421920632701695, 3.198034851380619, 3.4538776394910684, 3.7097204276015177, 3.9655632157119673, 4.221406003822417, 4.477248791932867, 4.733091580043316, 4.988934368153766, 5.244777156264215, 5.500619944374664, 5.756462732485114, 6.012305520595564, 6.268148308706013, 6.523991096816463, 6.779833884926912, 7.035676673037361, 7.291519461147812, 7.54736224925826, 7.803205037368709, 8.05904782547916, 8.31489061358961, 8.570733401700059, 8.826576189810508, 9.082418977920959, 9.338261766031408, 9.594104554141856, 9.849947342252307, 10.105790130362756, 10.361632918473205, 10.617475706583654, 10.873318494694104, 11.129161282804553, 11.385004070915004, 11.640846859025451, 11.8966896471359, 12.152532435246352, 12.408375223356803, 12.664218011467252, 12.9200607995777, 13.17590358768815, 13.4317463757986, 13.687589163909049, 13.943431952019498, 14.199274740129948, 14.455117528240397, 14.710960316350846, 14.966803104461295, 15.222645892571744, 15.478488680682194, 15.734331468792645, 15.990174256903096, 16.246017045013545, 16.501859833123994, 16.757702621234444, 17.013545409344893, 17.269388197455342, 17.52523098556579, 17.78107377367624, 18.03691656178669, 18.29275934989714, 18.54860213800759, 18.804444926118038, 19.060287714228487, 19.316130502338936, 19.571973290449385, 19.827816078559838, 20.08365886667029, 20.33950165478074, 20.595344442891186, 20.851187231001635, 21.107030019112084, 21.362872807222534, 21.618715595332986, 21.874558383443436, 22.13040117155388, 22.38624395966433, 22.642086747774783, 22.897929535885233, 23.153772323995682, 23.40961511210613, 23.66545790021658, 23.92130068832703, 24.17714347643748, 24.432986264547928, 24.688829052658377, 24.944671840768827, 25.200514628879276, 25.456357416989725, 25.712200205100174, 25.968042993210624, 26.223885781321073, 26.479728569431526, 26.735571357541975, 26.99141414565242, 27.24725693376287, 27.631021115928547], "coefficients": [-66.10662462120575, -65.84252797729903, -65.4305299369402, -65.11366528389848, -64.80784079140369, -64.51075979013355, -64.22072417486925, -63.936880640872836, -63.6584484653274, -63.38398965007652, -63.11347624141544, -62.84584515557141, -62.58075951538716, -62.317999728553616, -62.05689357824252, -61.79759583918627, -61.53988314562458, -61.283553657461155, -61.02880159178922, -60.77572838035162, -60.52493816572569, -60.276154167887896, -60.03015948456769, -59.78708590266063, -59.54749322039124, -59.311930239309206, -59.08071508140978, -58.85429478007841, -58.6335204061548, -58.41817019266308, -58.20867632288986, -58.00534599394193, -57.80798287105211, -57.61709299964806, -57.431982421399894, -57.2529574795793, -57.079651996527154, -56.91173784355025, -56.74917122384209, -56.59130536345216, -56.43805508180128, -56.28927216766398, -56.144564639746825, -56.0035990517524, -55.86621939016991, -55.73202850902239, -55.60083406583391, -55.472580040504454, -55.34680215217698, -55.22368545408354, -55.10275483670313, -54.98413964777924, -54.8673810483672, -54.75260705202316, -54.639715374669564, -54.52861800376995, -54.418983568615666, -54.31107049399551, -54.20447981725471, -54.099363489184356, -53.99569224879851, -53.89330867013191, -53.79206155596897, -53.692111882475096, -53.59337915787273, -53.49569306477073, -53.39905424574827, -53.30363005735954, -53.20901840181735, -53.11542520795839, -53.02288666470887, -52.931288547681646, -52.84053963805804, -52.750751030132264, -52.661687201768586, -52.57344083805592, -52.4860710001146, -52.39941420754255, -52.313501878254606, -52.228349162297135, -52.143824903587955, -52.06016581698752, -51.9771799955606, -51.89514323577317, -51.81376664053395, -51.73311639833777, -51.652636416799616, -51.573290915936504, -51.49449088304184, -51.416468960393516, -51.33916231595868, -51.26322442694066, -51.18796453245584, -51.113424939248446, -51.040224259468616, -50.96813992635577, -50.89733606230002, -50.82807688724405, -50.743192802909725, -50.694100746629985], "degree": 2}