{"type": "UnivariateSpline", "knots": [2.302585092994046, 2.6863492751597198, 2.9421920632701695, 3.198034851380619, 3.4538776394910684, 3.7097204276015177, 3.9655632157119673, 4.221406003822417, 4.477248791932867, 4.733091580043316, 4.988934368153766, 5.244777156264215, 5.500619944374664, 5.756462732485114, 6.012305520595564, 6.268148308706013, 6.523991096816463, 6.779833884926912, 7.035676673037361, 7.291519461147812, 7.54736224925826, 7.803205037368709, 8.05904782547916, 8.31489061358961, 8.570733401700059, 8.826576189810508, 9.082418977920959, 9.338261766031408, 9.594104554141856, 9.849947342252307, 10.105790130362756, 10.361632918473205, 10.617475706583654, 10.873318494694104, 11.129161282804553, 11.385004070915004, 11.640846859025451, 11.8966896471359, 12.152532435246352, 12.408375223356803, 12.664218011467252, 12.9200607995777, 13.17590358768815, 13.4317463757986, 13.687589163909049, 13.943431952019498, 14.199274740129948, 14.455117528240397, 14.710960316350846, 14.966803104461295, 15.222645892571744, 15.478488680682194, 15.734331468792645, 15.990174256903096, 16.246017045013545, 16.501859833123994, 16.757702621234444, 17.013545409344893, 17.269388197455342, 17.52523098556579, 17.78107377367624, 18.03691656178669, 18.29275934989714, 18.54860213800759, 18.804444926118038, 19.060287714228487, 19.316130502338936, 19.571973290449385, 19.827816078559838, 20.08365886667029, 20.33950165478074, 20.595344442891186, 20.851187231001635, 21.107030019112084, 21.362872807222534, 21.618715595332986, 21.874558383443436, 22.13040117155388, 22.38624395966433, 22.642086747774783, 22.897929535885233, 23.153772323995682, 23.40961511210613, 23.66545790021658, 23.92130068832703, 24.17714347643748, 24.432986264547928, 24.688829052658377, 24.944671840768827, 25.200514628879276, 25.456357416989725, 25.712200205100174, 25.968042993210624, 26.223885781321073, 26.479728569431526, 26.735571357541975, 26.99141414565242, 27.24725693376287, 27.631021115928547], "coefficients": [-66.12694974766093, -65.85736292155644, -65.43967521770116, -65.11929314182237, -64.8105870740221, -64.51105631003392, -64.21951882202536, -63.934630964291784, -63.65523787742375, -63.38022533664254, -63.109196891779774, -62.841190449282685, -62.575772381632724, -62.312777719016246, -62.051548538423575, -61.79208040799294, -61.53409933462102, -61.2776412505268, -61.0226380037525, -60.769257157168795, -60.51810114495491, -60.26880423928074, -60.02221599821403, -59.77864676555561, -59.538224948413536, -59.3017140351784, -59.06960672592195, -58.842165131209576, -58.62045585381479, -58.40411614555829, -58.19380705830211, -57.98964783909358, -57.791716477211516, -57.60024031220898, -57.41493094616497, -57.23568548029104, -57.06240740501478, -56.894684744272865, -56.73230352967008, -56.57501111927318, -56.422262282495964, -56.27410473312706, -56.13006806305491, -55.9898259667436, -55.8531977743376, -55.719767811246726, -55.58933048470047, -55.46181218049749, -55.33676845380123, -55.214325471515444, -55.09406779431037, -54.97608548517667, -54.85992901654399, -54.745695775434456, -54.63340256683794, -54.522737555458946, -54.413590172335375, -54.30606345401727, -54.199866088583235, -54.0951060136179, -53.99178704580123, -53.88962601594512, -53.788799226194676, -53.68901179990599, -53.59054670875076, -53.493055906671664, -53.39660821655718, -53.30134874179286, -53.206876255542184, -53.113446978156446, -53.021034646709914, -52.92954490179855, -52.838927789488835, -52.7491593553942, -52.660258717979225, -52.572086783574846, -52.48478135223825, -52.3982241373595, -52.31232947650478, -52.22727125369995, -52.142796065702086, -52.05918765158158, -51.97624499256867, -51.89425386337591, -51.812913132706385, -51.732298494076154, -51.65185259799197, -51.57253602123419, -51.49376627630301, -51.41577378860556, -51.33849160390924, -51.26257705166967, -51.18732797054302, -51.112813372089846, -51.03964211472543, -50.967582241974725, -50.89679337359461, -50.82751595067533, -50.74270348694333, -50.69359952874262], "degree": 2}