{"type": "UnivariateSpline", "knots": [2.302585092994046, 2.6863492751597198, 2.9421920632701695, 3.198034851380619, 3.4538776394910684, 3.7097204276015177, 3.9655632157119673, 4.221406003822417, 4.477248791932867, 4.733091580043316, 4.988934368153766, 5.244777156264215, 5.500619944374664, 5.756462732485114, 6.012305520595564, 6.268148308706013, 6.523991096816463, 6.779833884926912, 7.035676673037361, 7.291519461147812, 7.54736224925826, 7.803205037368709, 8.05904782547916, 8.31489061358961, 8.570733401700059, 8.826576189810508, 9.082418977920959, 9.338261766031408, 9.594104554141856, 9.849947342252307, 10.105790130362756, 10.361632918473205, 10.617475706583654, 10.873318494694104, 11.129161282804553, 11.385004070915004, 11.640846859025451, 11.8966896471359, 12.152532435246352, 12.408375223356803, 12.664218011467252, 12.9200607995777, 13.17590358768815, 13.4317463757986, 13.687589163909049, 13.943431952019498, 14.199274740129948, 14.455117528240397, 14.710960316350846, 14.966803104461295, 15.222645892571744, 15.478488680682194, 15.734331468792645, 15.990174256903096, 16.246017045013545, 16.501859833123994, 16.757702621234444, 17.013545409344893, 17.269388197455342, 17.52523098556579, 17.78107377367624, 18.03691656178669, 18.29275934989714, 18.54860213800759, 18.804444926118038, 19.060287714228487, 19.316130502338936, 19.571973290449385, 19.827816078559838, 20.08365886667029, 20.33950165478074, 20.595344442891186, 20.851187231001635, 21.107030019112084, 21.362872807222534, 21.618715595332986, 21.874558383443436, 22.13040117155388, 22.38624395966433, 22.642086747774783, 22.897929535885233, 23.153772323995682, 23.40961511210613, 23.66545790021658, 23.92130068832703, 24.17714347643748, 24.432986264547928, 24.688829052658377, 24.944671840768827, 25.200514628879276, 25.456357416989725, 25.712200205100174, 25.968042993210624, 26.223885781321073, 26.479728569431526, 26.735571357541975, 26.99141414565242, 27.24725693376287, 27.631021115928547], "coefficients": [-65.54156472302398, -65.24917545278231, -64.80099102806234, -64.4589314669528, -64.13091659175333, -63.814364656360084, -63.507670424779185, -63.2087272451232, -62.91695117440371, -62.630750967604925, -62.348200932575516, -62.071927431913245, -61.79740585108042, -61.52626262741324, -61.25713341252183, -60.99018523263319, -60.72529972960675, -60.46231678489511, -60.20114302423086, -59.94173757858577, -59.684939439286595, -59.43059497780668, -59.17880374833835, -58.93079241456113, -58.68566586755335, -58.44489920493831, -58.208800630116166, -57.97766161807359, -57.75181764759066, -57.531727633408714, -57.31757814272829, -57.1096024071936, -56.90773541285227, -56.71255321490068, -56.52309334216113, -56.34017337468089, -56.162916222664634, -55.99150733659643, -55.8255220647964, -55.6647429634613, -55.508673989280936, -55.357409486328436, -55.2105354608135, -55.06760766080055, -54.92856602785685, -54.79311069996365, -54.66082756502015, -54.53177288079752, -54.40547922195706, -54.28182937469517, -54.16089389312375, -54.042285200592666, -53.92572712473926, -53.81148374073173, -53.69900268020847, -53.58849386380914, -53.479781954444356, -53.37259721551888, -53.26713819252293, -53.162995756681674, -53.060341831078446, -52.959184721936836, -52.85920932883606, -52.7606156593378, -52.66313191711183, -52.566884471207, -52.47158025273177, -52.37752066206054, -52.284350785588494, -52.19225344819726, -52.10123119247542, -52.01100875562008, -51.92164787683129, -51.83330355550621, -51.74572378163101, -51.65917107362983, -51.57300322767332, -51.48774881085889, -51.40322180263501, -51.31951917525482, -51.236401215575185, -51.154152154067425, -51.072550185614325, -50.991997015928476, -50.91193027829022, -50.83246956542615, -50.75395558523157, -50.67583152877174, -50.59839201026203, -50.52225196283391, -50.44666596020169, -50.37203330282337, -50.2986079887286, -50.22685659104028, -50.15485307266547, -50.084735986146555, -50.01627318232727, -49.94921723260595, -49.86758196850294, -49.82046973424311], "degree": 2}