{"type": "UnivariateSpline", "knots": [2.302585092994046, 2.6863492751597198, 2.9421920632701695, 3.198034851380619, 3.4538776394910684, 3.7097204276015177, 3.9655632157119673, 4.221406003822417, 4.477248791932867, 4.733091580043316, 4.988934368153766, 5.244777156264215, 5.500619944374664, 5.756462732485114, 6.012305520595564, 6.268148308706013, 6.523991096816463, 6.779833884926912, 7.035676673037361, 7.291519461147812, 7.54736224925826, 7.803205037368709, 8.05904782547916, 8.31489061358961, 8.570733401700059, 8.826576189810508, 9.082418977920959, 9.338261766031408, 9.594104554141856, 9.849947342252307, 10.105790130362756, 10.361632918473205, 10.617475706583654, 10.873318494694104, 11.129161282804553, 11.385004070915004, 11.640846859025451, 11.8966896471359, 12.152532435246352, 12.408375223356803, 12.664218011467252, 12.9200607995777, 13.17590358768815, 13.4317463757986, 13.687589163909049, 13.943431952019498, 14.199274740129948, 14.455117528240397, 14.710960316350846, 14.966803104461295, 15.222645892571744, 15.478488680682194, 15.734331468792645, 15.990174256903096, 16.246017045013545, 16.501859833123994, 16.757702621234444, 17.013545409344893, 17.269388197455342, 17.52523098556579, 17.78107377367624, 18.03691656178669, 18.29275934989714, 18.54860213800759, 18.804444926118038, 19.060287714228487, 19.316130502338936, 19.571973290449385, 19.827816078559838, 20.08365886667029, 20.33950165478074, 20.595344442891186, 20.851187231001635, 21.107030019112084, 21.362872807222534, 21.618715595332986, 21.874558383443436, 22.13040117155388, 22.38624395966433, 22.642086747774783, 22.897929535885233, 23.153772323995682, 23.40961511210613, 23.66545790021658, 23.92130068832703, 24.17714347643748, 24.432986264547928, 24.688829052658377, 24.944671840768827, 25.200514628879276, 25.456357416989725, 25.712200205100174, 25.968042993210624, 26.223885781321073, 26.479728569431526, 26.735571357541975, 26.99141414565242, 27.24725693376287, 27.631021115928547], "coefficients": [-64.84693478565333, -64.57322419836153, -64.15310625852914, -63.83147473359685, -63.52381332752844, -63.223831032920565, -62.933848860750444, -62.650179643935786, -62.37250127221232, -62.0994645899547, -61.83027363384403, -61.56429745561288, -61.30111134866151, -61.04012293460958, -60.78119542184864, -60.52400459375911, -60.26865469590313, -60.014962848524036, -59.76299267829272, -59.5130806611909, -59.26563562910402, -59.02053803714572, -58.778669538230155, -58.54039293331536, -58.305865134131885, -58.075856766218536, -57.85108457320403, -57.63167963407056, -57.418462417361845, -57.2112804805879, -57.01051217798268, -56.81634252948787, -56.62868007061472, -56.44769776763312, -56.27288094761334, -56.10421185948292, -55.94139286786117, -55.78394679240908, -55.6318755385527, -55.484307947714655, -55.34111737401261, -55.202159547899136, -55.06698694344478, -54.93526019727375, -54.80678025653743, -54.68114218718172, -54.55811946725513, -54.437640132533886, -54.319249486083805, -54.20313233746781, -54.088905328798944, -53.97658038116112, -53.865958490746124, -53.75686102320987, -53.64933102724211, -53.54329258623821, -53.43864777682186, -53.335153874407624, -53.23306614342319, -53.131981137007244, -53.03213338375826, -52.93351415300125, -52.835823398461294, -52.739323200343094, -52.64375311576505, -52.549239421708336, -52.45548733010799, -52.36285419338435, -52.27096224718018, -52.18007039926796, -52.09009783494821, -52.00082956212971, -51.91237141896011, -51.82482290616749, -51.73798168748142, -51.652076702014604, -51.56653638048457, -51.48183110625507, -51.39781443261897, -51.314571775442374, -51.23187681156818, -51.15001243781566, -51.068763335201744, -50.98853190572319, -50.90876512604964, -50.82957056392206, -50.75128862149821, -50.67339988079815, -50.596244281780315, -50.520054811370144, -50.44483900905996, -50.37028188969951, -50.297253913964205, -50.22435664821925, -50.15377513307388, -50.083572422169766, -50.01514040029995, -49.948217174423704, -49.86667883314876, -49.81960070038144], "degree": 2}