{"type": "array", "shape": [499], "data": [1.890406805861488e-33, 1.9055905793642618e-33, 1.9208656369298117e-33, 1.9362323436904088e-33, 1.9516910655071314e-33, 1.9672421689698496e-33, 1.9828860213972427e-33, 1.998622990836782e-33, 2.0144534460647463e-33, 2.030377756586208e-33, 2.0463962926350458e-33, 2.0625094251739323e-33, 2.0787175258943475e-33, 2.095020967216565e-33, 2.1114201222896635e-33, 2.1279153649915173e-33, 2.144507069928807e-33, 2.1611956124370058e-33, 2.177981368580396e-33, 2.1948647151520507e-33, 2.2118460296738523e-33, 2.2289256903964744e-33, 2.2461040762994e-33, 2.2633815670909036e-33, 2.280758543208068e-33, 2.298235385816769e-33, 2.3158124768116893e-33, 2.3334901988163044e-33, 2.3512689351828983e-33, 2.369149069992547e-33, 2.387130988055134e-33, 2.405215074909337e-33, 2.4234017168226407e-33, 2.4416913007913208e-33, 2.460084214540463e-33, 2.4785808465239446e-33, 2.4971815859244514e-33, 2.515886822653461e-33, 2.5346969473512597e-33, 2.553612351386925e-33, 2.5726334268583437e-33, 2.5917605665921952e-33, 2.6109941641439656e-33, 2.630334613797934e-33, 2.649782310567188e-33, 2.6693376501936073e-33, 2.68900102914788e-33, 2.7087728446294844e-33, 2.728653494566711e-33, 2.7486433776166385e-33, 2.768742893165155e-33, 2.7889524413269463e-33, 2.8092724229454962e-33, 2.8297032395930874e-33, 2.8502452935708077e-33, 2.8708989879085456e-33, 2.891664726364982e-33, 2.912542913427608e-33, 2.933533954312706e-33, 2.954638254965366e-33, 2.9758562220594714e-33, 2.9971882629977134e-33, 3.018634785911575e-33, 3.0401961996613482e-33, 3.0618729138361162e-33, 3.083665338753772e-33, 3.105573885460998e-33, 3.127598965733289e-33, 3.149740992074928e-33, 3.172000377719009e-33, 3.194377536627416e-33, 3.216872883490844e-33, 3.2394868337287756e-33, 3.2622198034895085e-33, 3.285072209650125e-33, 3.308044469816522e-33, 3.331137002323385e-33, 3.354350226234209e-33, 3.37768456134128e-33, 3.401140428165694e-33, 3.424718247957338e-33, 3.448418442694908e-33, 3.472241435085891e-33, 3.496187648566584e-33, 3.520257507302074e-33, 3.544451436186259e-33, 3.568769860841826e-33, 3.593213207620273e-33, 3.61778190360189e-33, 3.6424763765957725e-33, 3.667297055139811e-33, 3.692244368500703e-33, 3.717318746673938e-33, 3.742520620383816e-33, 3.767850421083425e-33, 3.7933085809546665e-33, 3.81889553290823e-33, 3.844611710583611e-33, 3.8704575483491096e-33, 3.896433481301819e-33, 3.922539945267631e-33, 3.948777376801245e-33, 3.97514621318616e-33, 4.001646892434669e-33, 4.028279853287867e-33, 4.055045535215653e-33, 4.081944378416727e-33, 4.1089768238185836e-33, 4.136143313077519e-33, 4.16344428857863e-33, 4.190880193435822e-33, 4.2184514714917846e-33, 4.246158567318023e-33, 4.27400192621483e-33, 4.30198199421131e-33, 4.330099218065357e-33, 4.358354045263676e-33, 4.38674692402176e-33, 4.415278303283915e-33, 4.443948632723237e-33, 4.4727583627416294e-33, 4.5017079444697876e-33, 4.530797829767219e-33, 4.5600284712222175e-33, 4.589400322151891e-33, 4.618913836602135e-33, 4.648569469347657e-33, 4.678367675891952e-33, 4.708308912467329e-33, 4.738393636034883e-33, 4.768622304284524e-33, 4.798995375634947e-33, 4.829513309233663e-33, 4.860176564956968e-33, 4.890985603409971e-33, 4.92194088592657e-33, 4.953042874569475e-33, 4.984292032130184e-33, 5.0156888221290066e-33, 5.0472337088150416e-33, 5.078927157166201e-33, 5.110769632889182e-33, 5.142761602419496e-33, 5.174903532921442e-33, 5.2071958922881314e-33, 5.23963914914147e-33, 5.272233772832161e-33, 5.304980233439708e-33, 5.337879001772422e-33, 5.3709305493674116e-33, 5.4041353484905805e-33, 5.437493872136633e-33, 5.471006594029078e-33, 5.504673988620229e-33, 5.5384965310911905e-33, 5.572474697351864e-33, 5.6066089640409645e-33, 5.640899808526002e-33, 5.6753477089032825e-33, 5.709953143997912e-33, 5.744716593363802e-33, 5.7796385372836656e-33, 5.814719456769009e-33, 5.849959833560139e-33, 5.8853601501261686e-33, 5.920920889665011e-33, 5.9566425361033746e-33, 5.992525574096766e-33, 6.028570489029499e-33, 6.0647777670146895e-33, 6.1011478948942404e-33, 6.137681360238871e-33, 6.174378651348086e-33, 6.211240257250206e-33, 6.248266667702334e-33, 6.285458373190391e-33, 6.32281586492908e-33, 6.360339634861925e-33, 6.398030175661229e-33, 6.435887980728115e-33, 6.473913544192485e-33, 6.512107360913067e-33, 6.55046992647736e-33, 6.589001737201692e-33, 6.627703290131166e-33, 6.666575083039706e-33, 6.705617614430019e-33, 6.744831383533628e-33, 6.78421689031084e-33, 6.82377463545078e-33, 6.863505120371354e-33, 6.903408847219288e-33, 6.943486318870087e-33, 6.983738038928079e-33, 7.02416451172637e-33, 7.064766242326883e-33, 7.105543736520338e-33, 7.146497500826251e-33, 7.187628042492931e-33, 7.228935869497502e-33, 7.270421490545887e-33, 7.3120854150728e-33, 7.353928153241754e-33, 7.395950215945072e-33, 7.43815211480388e-33, 7.480534362168089e-33, 7.523097471116415e-33, 7.565841955456386e-33, 7.608768329724319e-33, 7.651877109185337e-33, 7.69516880983335e-33, 7.738643948391086e-33, 7.782303042310071e-33, 7.826146609770619e-33, 7.870175169681847e-33, 7.914389241681681e-33, 7.958789346136851e-33, 8.003376004142869e-33, 8.048149737524054e-33, 8.093111068833533e-33, 8.138260521353235e-33, 8.18359861909387e-33, 8.229125886794972e-33, 8.274842849924857e-33, 8.320750034680655e-33, 8.36684796798828e-33, 8.413137177502466e-33, 8.459618191606729e-33, 8.506291539413401e-33, 8.553157750763596e-33, 8.600217356227252e-33, 8.647470887103081e-33, 8.69491887541862e-33, 8.742561853930181e-33, 8.790400356122904e-33, 8.838434916210703e-33, 8.886666069136314e-33, 8.935094350571251e-33, 8.983720296915855e-33, 9.03254444529924e-33, 9.081567333579344e-33, 9.130789500342881e-33, 9.180211484905392e-33, 9.229833827311195e-33, 9.279657068333426e-33, 9.329681749474003e-33, 9.37990841296366e-33, 9.430337601761929e-33, 9.480969859557134e-33, 9.531805730766403e-33, 9.582845760535665e-33, 9.634090494739656e-33, 9.685540479981903e-33, 9.737196263594727e-33, 9.789058393639266e-33, 9.841127418905454e-33, 9.893403888912016e-33, 9.945888353906479e-33, 9.998581364865178e-33, 1.005148347349325e-32, 1.0104595232224622e-32, 1.0157917194222018e-32, 1.0211449913376975e-32, 1.0265193944309833e-32, 1.0319149842369718e-32, 1.0373318163634556e-32, 1.0427699464911087e-32, 1.0482294303734848e-32, 1.0537103238370167e-32, 1.0592126827810171e-32, 1.0647365631776801e-32, 1.0702820210720795e-32, 1.0758491125821682e-32, 1.0814378938987792e-32, 1.0870484212856262e-32, 1.0926807510793035e-32, 1.098334939689284e-32, 1.1040110435979203e-32, 1.109709119360447e-32, 1.1154292236049782e-32, 1.1211714130325066e-32, 1.1269357444169051e-32, 1.1327222746049283e-32, 1.1385310605162105e-32, 1.144362159143264e-32, 1.150215627551483e-32, 1.156091522879142e-32, 1.161989902337394e-32, 1.1679108232102721e-32, 1.1738543428546909e-32, 1.1798205187004446e-32, 1.1858094082502068e-32, 1.1918210690795302e-32, 1.1978555588368497e-32, 1.2039129352434798e-32, 1.2099932560936135e-32, 1.2160965792543241e-32, 1.2222229626655666e-32, 1.2283724643401755e-32, 1.2345451423638638e-32, 1.240741054895225e-32, 1.2469602601657345e-32, 1.253202816479746e-32, 1.2594687822144936e-32, 1.2657582158200906e-32, 1.272071175819532e-32, 1.278407720808692e-32, 1.2847679094563246e-32, 1.2911518005040634e-32, 1.2975594527664227e-32, 1.3039909251307985e-32, 1.3104462765574634e-32, 1.3169255660795715e-32, 1.3234288528031578e-32, 1.3299561959071369e-32, 1.336507654643303e-32, 1.3430832883363295e-32, 1.3496831563837718e-32, 1.3563073182560646e-32, 1.362955833496522e-32, 1.3696287617213376e-32, 1.3763261626195863e-32, 1.383048095953224e-32, 1.3897946215570842e-32, 1.396565799338881e-32, 1.403361689279209e-32, 1.410182351431544e-32, 1.41702784592224e-32, 1.4238982329505307e-32, 1.4307935727885318e-32, 1.4377139257812383e-32, 1.4446593523465244e-32, 1.4516299129751444e-32, 1.4586256682307334e-32, 1.465646678749807e-32, 1.4726930052417585e-32, 1.4797647084888633e-32, 1.4868618493462777e-32, 1.4939844887420352e-32, 1.5011326876770503e-32, 1.5083065072251182e-32, 