{"type": "array", "shape": [499], "data": [4.842706665479162e-33, 4.881603352118787e-33, 4.920733883631318e-33, 4.960099195386051e-33, 4.9997002246192877e-33, 5.0395379104342955e-33, 5.0796131938013506e-33, 5.119927017557697e-33, 5.1604803264075865e-33, 5.2012740669222365e-33, 5.242309187539872e-33, 5.283586638565687e-33, 5.325107372171882e-33, 5.366872342397626e-33, 5.4088825051490934e-33, 5.4511388181994265e-33, 5.493642241188776e-33, 5.536393735624259e-33, 5.5793942648800024e-33, 5.622644794197097e-33, 5.666146290683643e-33, 5.709899723314707e-33, 5.7539060629323645e-33, 5.7981662822456564e-33, 5.842681355830633e-33, 5.887452260130312e-33, 5.9324799734547154e-33, 5.977765475980837e-33, 6.0233097497526746e-33, 6.069113778681195e-33, 6.115178548544371e-33, 6.161505046987146e-33, 6.208094263521468e-33, 6.254947189526251e-33, 6.302064818247422e-33, 6.34944814479787e-33, 6.397098166157491e-33, 6.445015881173154e-33, 6.493202290558732e-33, 6.541658396895063e-33, 6.590385204629995e-33, 6.639383720078347e-33, 6.688654951421938e-33, 6.738199908709561e-33, 6.788019603857012e-33, 6.838115050647054e-33, 6.888487264729464e-33, 6.939137263620976e-33, 6.990066066705341e-33, 7.041274695233272e-33, 7.092764172322488e-33, 7.144535522957691e-33, 7.196589773990563e-33, 7.248927954139775e-33, 7.30155109399099e-33, 7.354460225996866e-33, 7.407656384477026e-33, 7.461140605618108e-33, 7.514913927473709e-33, 7.568977389964439e-33, 7.623332034877873e-33, 7.677978905868598e-33, 7.73291904845816e-33, 7.78815351003512e-33, 7.843683339855002e-33, 7.899509589040342e-33, 7.955633310580637e-33, 8.012055559332395e-33, 8.068777392019094e-33, 8.125799867231215e-33, 8.183124045426206e-33, 8.240750988928529e-33, 8.298681761929604e-33, 8.356917430487867e-33, 8.415459062528715e-33, 8.474307727844557e-33, 8.533464498094764e-33, 8.592930446805723e-33, 8.65270664937078e-33, 8.712794183050293e-33, 8.773194126971584e-33, 8.833907562128986e-33, 8.894935571383797e-33, 8.956279239464326e-33, 9.017939652965842e-33, 9.079917900350631e-33, 9.142215071947935e-33, 9.204832259954019e-33, 9.267770558432098e-33, 9.331031063312408e-33, 9.394614872392143e-33, 9.458523085335512e-33, 9.522756803673685e-33, 9.587317130804845e-33, 9.652205171994135e-33, 9.717422034373719e-33, 9.782968826942712e-33, 9.848846660567238e-33, 9.915056647980415e-33, 9.981599903782333e-33, 1.004847754444006e-32, 1.0115690688287678e-32, 1.0183240455526251e-32, 1.0251127968223814e-32, 1.0319354350315392e-32, 1.0387920727603013e-32, 1.045682822775569e-32, 1.0526077980309408e-32, 1.0595671116667144e-32, 1.0665608770098871e-32, 1.0735892075741556e-32, 1.0806522170599124e-32, 1.0877500193542522e-32, 1.0948827285309657e-32, 1.1020504588505443e-32, 1.1092533247601765e-32, 1.1164914408937516e-32, 1.1237649220718546e-32, 1.131073883301773e-32, 1.1384184397774895e-32, 1.1457987068796885e-32, 1.15321480017575e-32, 1.1606668354197564e-32, 1.1681549285524853e-32, 1.1756791957014162e-32, 1.1832397531807244e-32, 1.1908367174912868e-32, 1.1984702053206762e-32, 1.2061403335431668e-32, 1.2138472192197287e-32, 1.2215909795980343e-32, 1.2293717321124511e-32, 1.2371895943840484e-32, 1.245044684220591e-32, 1.2529371196165465e-32, 1.2608670187530768e-32, 1.268834499998047e-32, 1.2768396819060168e-32, 1.2848826832182482e-32, 1.2929636228626986e-32, 1.3010826199540274e-32, 1.3092397937935895e-32, 1.3174352638694423e-32, 1.3256691498563374e-32, 1.3339415716157294e-32, 1.3422526491957698e-32, 1.3506025028313085e-32, 1.3589912529438935e-32, 1.3674190201417737e-32, 1.375885925219896e-32, 1.3843920891599052e-32, 1.392937633130144e-32, 1.401522678485656e-32, 1.4101473467681838e-32, 1.418811759706167e-32, 1.4275160392147428e-32, 1.4362603073957504e-32, 1.4450446865377272e-32, 1.4538692991159068e-32, 1.462734267792223e-32, 1.4716397154153084e-32, 1.4805857650204963e-32, 1.4895725398298154e-32, 1.4986001632519934e-32, 1.5076687588824592e-32, 1.51677845050334e-32, 1.52592936208346e-32, 1.5351216177783416e-32, 1.544355341930209e-32, 1.5536306590679843e-32, 1.562947693907285e-32, 1.5723065713504325e-32, 1.5817074164864422e-32, 1.5911503545910323e-32, 1.600635511126616e-32, 1.6101630117423087e-32, 1.6197329822739208e-32, 1.629345548743966e-32, 1.6390008373616516e-32, 1.6486989745228895e-32, 1.6584400868102837e-32, 1.6682243009931433e-32, 1.678051744027471e-32, 1.6879225430559722e-32, 1.697836825408048e-32, 1.707794718599801e-32, 1.7177963503340288e-32, 1.7278418485002324e-32, 1.7379313411746077e-32, 1.7480649566200522e-32, 1.7582428232861582e-32, 1.7684650698092226e-32, 1.7787318250122346e-32, 1.789043217904888e-32, 1.7993993776835702e-32, 1.8098004337313712e-32, 1.8202465156180786e-32, 1.8307377531001782e-32, 1.8412742761208532e-32, 1.8518562148099882e-32, 1.8624836994841666e-32, 1.8731568606466685e-32, 1.8838758289874723e-32, 1.8946407353832578e-32, 1.9054517108974028e-32, 1.916308886779983e-32, 1.9272123944677712e-32, 1.9381623655842425e-32, 1.9491589319395695e-32, 1.960202225530623e-32, 1.9712923785409705e-32, 1.982429523340882e-32, 1.9936137924873264e-32, 2.0048453187239675e-32, 2.016124234981169e-32, 2.0274506743759953e-32, 2.0388247702122103e-32, 2.050246655980273e-32, 2.061716465357342e-32, 2.0732343322072767e-32, 2.0848003905806358e-32, 2.0964147747146723e-32, 2.1080776190333431e-32, 2.1197890581472998e-32, 2.1315492268538954e-32, 2.1433582601371798e-32, 2.155216293167904e-32, 2.167123461303514e-32, 2.1790799000881593e-32, 2.1910857452526828e-32, 2.2031411327146323e-32, 2.2152461985782475e-32, 2.227401079134474e-32, 2.239605910860949e-32, 2.2518608304220147e-32, 2.2641659746687066e-32, 2.276521480638765e-32, 2.2889274855566214e-32, 2.3013841268334145e-32, 2.3138915420669738e-32, 2.326449869041834e-32, 2.339059245729223e-32, 2.3517198102870727e-32, 2.3644317010600093e-32, 2.3771950565793612e-32, 2.3900100155631524e-32, 2.4028767169161075e-32, 2.4157952997296516e-32, 2.4287659032819045e-32, 2.4417886670376864e-32, 2.454863730648517e-32, 2.4679912339526156e-32, 2.4811713169748987e-32, 2.4944041199269795e-32, 2.507689783207174e-32, 2.521028447400496e-32, 2.534420253278656e-32, 2.547865341800064e-32, 2.5613638541098297e-32, 2.574915931539762e-32, 2.5885217156083677e-32, 2.602181348020849e-32, 2.6158949706691126e-32, 2.629662725631763e-32, 2.6434847551741e-32, 2.657361201748122e-32, 2.67129220799253e-32, 2.685277916732724e-32, 2.6993184709807985e-32, 2.713414013935547e-32, 2.727564688982466e-32, 2.741770639693749e-32, 2.756032009828286e-32, 2.7703489433316664e-32, 2.784721584336181e-32, 2.799150077160818e-32, 2.813634566311263e-32, 2.8281751964799003e-32, 2.8427721125458144e-32, 2.8574254595747905e-32, 2.872135382819308e-32, 2.8869020277185453e-32, 2.901725539898383e-32, 2.9166060651714016e-32, 2.931543749536873e-32, 2.9465387391807743e-32, 2.9615911804757813e-32, 2.976701219981265e-32, 2.991869004443295e-32, 3.007094680794643e-32, 3.0223783961547805e-32, 3.0377202978298726e-32, 3.053120533312783e-32, 3.0685792502830806e-32, 3.0840965966070303e-32, 3.0996727203375916e-32, 3.1153077697144253e-32, 3.1310018931638936e-32, 3.1467552392990563e-32, 3.1625679569196696e-32, 3.178440195012187e-32, 3.194372102749767e-32, 3.210363829492264e-32, 3.2264155247862287e-32, 3.2425273383649115e-32, 3.2586994201482636e-32, 3.274931920242935e-32, 3.291224988942272e-32, 3.307578776726319e-32, 3.323993434261822e-32, 3.340469112402228e-32, 3.357005962187677e-32, 3.3736041348450073e-32, 3.3902637817877623e-32, 3.406985054616181e-32, 3.4237681051172e-32, 3.4406130852644533e-32, 3.4575201472182773e-32, 3.4744894433257077e-32, 3.4915211261204754e-32, 3.508615348323009e-32, 3.5257722628404405e-32, 3.5429920227666006e-32, 3.5602747813820146e-32, 3.577620692153906e-32, 3.5950299087362025e-32, 3.612502584969529e-32, 3.630038874881206e-32, 3.6476389326852527e-32, 3.6653029127823904e-32, 3.68303096976004e-32, 3.7008232583923164e-32, 3.718679933640034e-32, 3.7366011506507097e-32, 3.754587064758558e-32, 3.772637831484488e-32, 3.7907536065361124e-32, 3.808934545807743e-32, 3.827180805380386e-32, 