{"type": "UnivariateSpline", "knots": [-9.15661374382713, -7.3550817873822885, -6.748764433608861, -5.715986509692948, -3.7238861703523685, -3.2108305652058005, -2.7137645296268813, -2.1956550234534045, -1.6935618604265015, -0.696367736448062, -0.2374254360501782, -0.0569545554970574, -0.010768365829578883, -0.0007932837962575387, -9.643274665532873e-17], "coefficients": [-7.976050012205352, -7.9932717333769085, -7.85521412830522, -6.8578471641788505, -5.66859841963987, -4.482154068029283, -3.4866491630079595, -2.9679770221512043, -2.497304600652278, -1.8185183518519936, -1.182416661838693, -0.6164616986164465, -0.3329956050215183, -0.17064230406668746, -0.08427671907367612, -0.037404358735156636, -0.010891285356134426], "degree": 3}