{"type": "UnivariateSpline", "knots": [-9.113150628166798, -7.74736651646818, -7.311618671721956, -6.705301317948528, -5.672523394032616, -3.6804230546920365, -2.6704591806814415, -2.1893996528794784, -1.6890461020258034, -0.692955322758543, -0.23283033741926812, -0.05680444366300194, -0.009047618254272199, -0.0009307485182024962, -4.8216373327664354e-17], "coefficients": [-7.983633087490034, -7.966020194578812, -7.929855684095064, -7.454073267873026, -6.860342633633155, -5.667087819771114, -4.316077760964597, -3.162986419971198, -2.4746521155423804, -1.8257095761707438, -1.1796657112048172, -0.6197789556857577, -0.330647472608616, -0.17360134054162393, -0.08659079016931837, -0.026095691755061063, -0.019323625735760797], "degree": 3}